{
  "project_info": {
    "project_number": "235794829974",
    "project_id": "loginfirebase-7a46e",
    "storage_bucket": "loginfirebase-7a46e.appspot.com"
  },
  "client": [
    {
      "client_info": {
        "mobilesdk_app_id": "1:235794829974:android:d4a56df0269173c4c7a8b7",
        "android_client_info": {
          "package_name": "com.example.loginfirebase"
        }
      },
      "oauth_client": [],
      "api_key": [
        {
          "current_key": "AIzaSyB-Xf2vvtHxcUsFMsRfAkZ-ytCHSLC9S78"
        }
      ],
      "services": {
        "appinvite_service": {
          "other_platform_oauth_client": []
        }
      }
    }
  ],
  "configuration_version": "1"
}